"geoid","geolevel","year","level","value"
"29001","zcta",2019,"housing_score",89.97
"29003","zcta",2019,"housing_score",80.67
"29006","zcta",2019,"housing_score",94.31
"29009","zcta",2019,"housing_score",77.09
"29010","zcta",2019,"housing_score",89.18
"29014","zcta",2019,"housing_score",89.85
"29015","zcta",2019,"housing_score",87.74
"29016","zcta",2019,"housing_score",119.6
"29018","zcta",2019,"housing_score",69.98
"29020","zcta",2019,"housing_score",99.44
"29030","zcta",2019,"housing_score",93.31
"29031","zcta",2019,"housing_score",60.46
"29032","zcta",2019,"housing_score",89.62
"29033","zcta",2019,"housing_score",109.8
"29036","zcta",2019,"housing_score",121.82
"29037","zcta",2019,"housing_score",72.34
"29038","zcta",2019,"housing_score",68.27
"29039","zcta",2019,"housing_score",86.77
"29040","zcta",2019,"housing_score",105.75
"29042","zcta",2019,"housing_score",79.66
"29044","zcta",2019,"housing_score",81.32
"29045","zcta",2019,"housing_score",115.5
"29046","zcta",2019,"housing_score",100.74
"29047","zcta",2019,"housing_score",68.94
"29048","zcta",2019,"housing_score",89.74
"29051","zcta",2019,"housing_score",NA
"29052","zcta",2019,"housing_score",62.37
"29053","zcta",2019,"housing_score",102.01
"29054","zcta",2019,"housing_score",99.2
"29055","zcta",2019,"housing_score",77.53
"29056","zcta",2019,"housing_score",90.3
"29058","zcta",2019,"housing_score",95.31
"29059","zcta",2019,"housing_score",83.02
"29061","zcta",2019,"housing_score",106.71
"29062","zcta",2019,"housing_score",78.46
"29063","zcta",2019,"housing_score",127.27
"29065","zcta",2019,"housing_score",87.98
"29067","zcta",2019,"housing_score",96.31
"29069","zcta",2019,"housing_score",89.7
"29070","zcta",2019,"housing_score",95.31
"29072","zcta",2019,"housing_score",130.13
"29073","zcta",2019,"housing_score",117.91
"29074","zcta",2019,"housing_score",65.67
"29075","zcta",2019,"housing_score",102.58
"29078","zcta",2019,"housing_score",108.38
"29079","zcta",2019,"housing_score",NA
"29080","zcta",2019,"housing_score",75.58
"29081","zcta",2019,"housing_score",61.84
"29082","zcta",2019,"housing_score",61.4
"29101","zcta",2019,"housing_score",80.72
"29102","zcta",2019,"housing_score",95.66
"29104","zcta",2019,"housing_score",81.7
"29105","zcta",2019,"housing_score",79.12
"29107","zcta",2019,"housing_score",73.42
"29108","zcta",2019,"housing_score",98.83
"29111","zcta",2019,"housing_score",94.44
"29112","zcta",2019,"housing_score",71.22
"29113","zcta",2019,"housing_score",59.28
"29114","zcta",2019,"housing_score",91.7
"29115","zcta",2019,"housing_score",82.99
"29117","zcta",2019,"housing_score",NA
"29118","zcta",2019,"housing_score",98.65
"29122","zcta",2019,"housing_score",NA
"29123","zcta",2019,"housing_score",91.32
"29125","zcta",2019,"housing_score",86.77
"29126","zcta",2019,"housing_score",93.08
"29127","zcta",2019,"housing_score",98.11
"29128","zcta",2019,"housing_score",88.31
"29129","zcta",2019,"housing_score",88.37
"29130","zcta",2019,"housing_score",95.33
"29133","zcta",2019,"housing_score",58.84
"29135","zcta",2019,"housing_score",87.09
"29137","zcta",2019,"housing_score",80.29
"29138","zcta",2019,"housing_score",87.73
"29142","zcta",2019,"housing_score",85.21
"29145","zcta",2019,"housing_score",94.27
"29146","zcta",2019,"housing_score",75.26
"29147","zcta",2019,"housing_score",NA
"29148","zcta",2019,"housing_score",84.25
"29150","zcta",2019,"housing_score",106.02
"29152","zcta",2019,"housing_score",NA
"29153","zcta",2019,"housing_score",98.85
"29154","zcta",2019,"housing_score",109.64
"29160","zcta",2019,"housing_score",92.63
"29161","zcta",2019,"housing_score",94.07
"29162","zcta",2019,"housing_score",94.33
"29163","zcta",2019,"housing_score",65.77
"29164","zcta",2019,"housing_score",90.82
"29166","zcta",2019,"housing_score",75.27
"29168","zcta",2019,"housing_score",92.52
"29169","zcta",2019,"housing_score",106.04
"29170","zcta",2019,"housing_score",112.35
"29172","zcta",2019,"housing_score",109.82
"29175","zcta",2019,"housing_score",80.64
"29178","zcta",2019,"housing_score",76.21
"29180","zcta",2019,"housing_score",88.52
"29201","zcta",2019,"housing_score",113.45
"29202","zcta",2019,"housing_score",103.76
"29203","zcta",2019,"housing_score",104.54
"29204","zcta",2019,"housing_score",107.37
"29205","zcta",2019,"housing_score",114.87
"29206","zcta",2019,"housing_score",117.45
"29207","zcta",2019,"housing_score",NA
"29208","zcta",2019,"housing_score",NA
"29209","zcta",2019,"housing_score",117.03
"29210","zcta",2019,"housing_score",114.23
"29212","zcta",2019,"housing_score",116.7
"29223","zcta",2019,"housing_score",119.51
"29225","zcta",2019,"housing_score",NA
"29229","zcta",2019,"housing_score",129.44
"29301","zcta",2019,"housing_score",109.36
"29302","zcta",2019,"housing_score",108.02
"29303","zcta",2019,"housing_score",98.13
"29306","zcta",2019,"housing_score",103.63
"29307","zcta",2019,"housing_score",99.28
"29316","zcta",2019,"housing_score",116.23
"29320","zcta",2019,"housing_score",103.97
"29321","zcta",2019,"housing_score",83.46
"29322","zcta",2019,"housing_score",97.7
"29323","zcta",2019,"housing_score",100.02
"29324","zcta",2019,"housing_score",79.66
"29325","zcta",2019,"housing_score",98.13
"29329","zcta",2019,"housing_score",98.64
"29330","zcta",2019,"housing_score",95.88
"29331","zcta",2019,"housing_score",NA
"29332","zcta",2019,"housing_score",83.44
"29333","zcta",2019,"housing_score",81.67
"29334","zcta",2019,"housing_score",115.1
"29335","zcta",2019,"housing_score",92.31
"29338","zcta",2019,"housing_score",NA
"29340","zcta",2019,"housing_score",90.64
"29341","zcta",2019,"housing_score",104.93
"29346","zcta",2019,"housing_score",103.34
"29349","zcta",2019,"housing_score",110.44
"29351","zcta",2019,"housing_score",79.36
"29353","zcta",2019,"housing_score",82.36
"29355","zcta",2019,"housing_score",85.44
"29356","zcta",2019,"housing_score",99
"29360","zcta",2019,"housing_score",99.04
"29364","zcta",2019,"housing_score",68.2
"29365","zcta",2019,"housing_score",109.53
"29368","zcta",2019,"housing_score",106.26
"29369","zcta",2019,"housing_score",113.59
"29370","zcta",2019,"housing_score",81.96
"29372","zcta",2019,"housing_score",84.33
"29373","zcta",2019,"housing_score",96.16
"29374","zcta",2019,"housing_score",93.84
"29375","zcta",2019,"housing_score",NA
"29376","zcta",2019,"housing_score",106.32
"29377","zcta",2019,"housing_score",104.92
"29378","zcta",2019,"housing_score",NA
"29379","zcta",2019,"housing_score",91.85
"29384","zcta",2019,"housing_score",87.29
"29385","zcta",2019,"housing_score",103.76
"29388","zcta",2019,"housing_score",102.97
"29401","zcta",2019,"housing_score",120.28
"29403","zcta",2019,"housing_score",117.25
"29404","zcta",2019,"housing_score",NA
"29405","zcta",2019,"housing_score",110.52
"29406","zcta",2019,"housing_score",109.57
"29407","zcta",2019,"housing_score",116.39
"29409","zcta",2019,"housing_score",NA
"29410","zcta",2019,"housing_score",116.77
"29412","zcta",2019,"housing_score",124.74
"29414","zcta",2019,"housing_score",129.04
"29418","zcta",2019,"housing_score",113.85
"29420","zcta",2019,"housing_score",121.86
"29423","zcta",2019,"housing_score",NA
"29424","zcta",2019,"housing_score",NA
"29426","zcta",2019,"housing_score",85.51
"29429","zcta",2019,"housing_score",105.43
"29431","zcta",2019,"housing_score",91.61
"29432","zcta",2019,"housing_score",70.6
"29434","zcta",2019,"housing_score",79.59
"29435","zcta",2019,"housing_score",93.73
"29436","zcta",2019,"housing_score",90.78
"29437","zcta",2019,"housing_score",96.18
"29438","zcta",2019,"housing_score",85.66
"29439","zcta",2019,"housing_score",97
"29440","zcta",2019,"housing_score",98.26
"29445","zcta",2019,"housing_score",124.4
"29446","zcta",2019,"housing_score",76.9
"29448","zcta",2019,"housing_score",92.01
"29449","zcta",2019,"housing_score",91.13
"29450","zcta",2019,"housing_score",95.83
"29451","zcta",2019,"housing_score",113.19
"29452","zcta",2019,"housing_score",68.61
"29453","zcta",2019,"housing_score",98.73
"29455","zcta",2019,"housing_score",110.95
"29456","zcta",2019,"housing_score",120.3
"29458","zcta",2019,"housing_score",92.36
"29461","zcta",2019,"housing_score",115.38
"29464","zcta",2019,"housing_score",133.27
"29466","zcta",2019,"housing_score",136.27
"29468","zcta",2019,"housing_score",82.41
"29469","zcta",2019,"housing_score",107.34
"29470","zcta",2019,"housing_score",105.32
"29471","zcta",2019,"housing_score",92.88
"29472","zcta",2019,"housing_score",96.43
"29474","zcta",2019,"housing_score",82.62
"29475","zcta",2019,"housing_score",87
"29477","zcta",2019,"housing_score",85.51
"29479","zcta",2019,"housing_score",90.84
"29481","zcta",2019,"housing_score",72.28
"29482","zcta",2019,"housing_score",140.01
"29483","zcta",2019,"housing_score",127.19
"29485","zcta",2019,"housing_score",127.47
"29487","zcta",2019,"housing_score",94.52
"29488","zcta",2019,"housing_score",98.08
"29492","zcta",2019,"housing_score",129.95
"29493","zcta",2019,"housing_score",88.25
"29501","zcta",2019,"housing_score",114.45
"29505","zcta",2019,"housing_score",110.62
"29506","zcta",2019,"housing_score",100.49
"29510","zcta",2019,"housing_score",84.2
"29511","zcta",2019,"housing_score",101.1
"29512","zcta",2019,"housing_score",90.54
"29516","zcta",2019,"housing_score",92.21
"29518","zcta",2019,"housing_score",82.03
"29519","zcta",2019,"housing_score",85.03
"29520","zcta",2019,"housing_score",90.73
"29525","zcta",2019,"housing_score",81.66
"29526","zcta",2019,"housing_score",106.78
"29527","zcta",2019,"housing_score",101.09
"29530","zcta",2019,"housing_score",94.1
"29532","zcta",2019,"housing_score",97.27
"29536","zcta",2019,"housing_score",84.86
"29540","zcta",2019,"housing_score",91.63
"29541","zcta",2019,"housing_score",103.22
"29543","zcta",2019,"housing_score",78.04
"29544","zcta",2019,"housing_score",84.29
"29545","zcta",2019,"housing_score",77
"29546","zcta",2019,"housing_score",80.42
"29547","zcta",2019,"housing_score",81.84
"29550","zcta",2019,"housing_score",102.8
"29554","zcta",2019,"housing_score",87.53
"29555","zcta",2019,"housing_score",86.71
"29556","zcta",2019,"housing_score",91
"29560","zcta",2019,"housing_score",90.95
"29563","zcta",2019,"housing_score",70.58
"29564","zcta",2019,"housing_score",95.52
"29565","zcta",2019,"housing_score",95.68
"29566","zcta",2019,"housing_score",102.67
"29567","zcta",2019,"housing_score",57.44
"29568","zcta",2019,"housing_score",102.52
"29569","zcta",2019,"housing_score",89.75
"29570","zcta",2019,"housing_score",80.28
"29571","zcta",2019,"housing_score",92.78
"29572","zcta",2019,"housing_score",84.89
"29574","zcta",2019,"housing_score",81.77
"29575","zcta",2019,"housing_score",94.66
"29576","zcta",2019,"housing_score",107.78
"29577","zcta",2019,"housing_score",100.97
"29579","zcta",2019,"housing_score",118.46
"29580","zcta",2019,"housing_score",75.6
"29581","zcta",2019,"housing_score",82.8
"29582","zcta",2019,"housing_score",87.03
"29583","zcta",2019,"housing_score",90.49
"29584","zcta",2019,"housing_score",75.72
"29585","zcta",2019,"housing_score",104.15
"29588","zcta",2019,"housing_score",114.16
"29590","zcta",2019,"housing_score",NA
"29591","zcta",2019,"housing_score",86.13
"29592","zcta",2019,"housing_score",93.81
"29593","zcta",2019,"housing_score",73.76
"29594","zcta",2019,"housing_score",73.16
"29596","zcta",2019,"housing_score",87.55
"29601","zcta",2019,"housing_score",109.88
"29605","zcta",2019,"housing_score",112.15
"29607","zcta",2019,"housing_score",120.64
"29609","zcta",2019,"housing_score",112.5
"29611","zcta",2019,"housing_score",104.8
"29613","zcta",2019,"housing_score",NA
"29614","zcta",2019,"housing_score",NA
"29615","zcta",2019,"housing_score",116.01
"29617","zcta",2019,"housing_score",110.88
"29620","zcta",2019,"housing_score",89.58
"29621","zcta",2019,"housing_score",114.01
"29624","zcta",2019,"housing_score",90.17
"29625","zcta",2019,"housing_score",108.44
"29626","zcta",2019,"housing_score",96.16
"29627","zcta",2019,"housing_score",97.03
"29628","zcta",2019,"housing_score",79.44
"29630","zcta",2019,"housing_score",102.77
"29631","zcta",2019,"housing_score",114.72
"29634","zcta",2019,"housing_score",NA
"29635","zcta",2019,"housing_score",94.92
"29638","zcta",2019,"housing_score",87.52
"29639","zcta",2019,"housing_score",NA
"29640","zcta",2019,"housing_score",103.93
"29642","zcta",2019,"housing_score",116.55
"29643","zcta",2019,"housing_score",93.33
"29644","zcta",2019,"housing_score",111.41
"29645","zcta",2019,"housing_score",95.99
"29646","zcta",2019,"housing_score",100.4
"29649","zcta",2019,"housing_score",105.82
"29650","zcta",2019,"housing_score",121.61
"29651","zcta",2019,"housing_score",115.48
"29653","zcta",2019,"housing_score",95.8
"29654","zcta",2019,"housing_score",88.21
"29655","zcta",2019,"housing_score",85.66
"29657","zcta",2019,"housing_score",96.19
"29658","zcta",2019,"housing_score",88.78
"29659","zcta",2019,"housing_score",NA
"29661","zcta",2019,"housing_score",91.61
"29662","zcta",2019,"housing_score",116.3
"29664","zcta",2019,"housing_score",80.15
"29665","zcta",2019,"housing_score",78.88
"29666","zcta",2019,"housing_score",96.4
"29667","zcta",2019,"housing_score",90.6
"29669","zcta",2019,"housing_score",96.6
"29670","zcta",2019,"housing_score",103.2
"29671","zcta",2019,"housing_score",99.06
"29672","zcta",2019,"housing_score",100.07
"29673","zcta",2019,"housing_score",108.46
"29676","zcta",2019,"housing_score",100.77
"29678","zcta",2019,"housing_score",99.45
"29680","zcta",2019,"housing_score",124.62
"29681","zcta",2019,"housing_score",129.46
"29682","zcta",2019,"housing_score",101.55
"29683","zcta",2019,"housing_score",76.96
"29684","zcta",2019,"housing_score",91.51
"29685","zcta",2019,"housing_score",91.77
"29686","zcta",2019,"housing_score",97.23
"29687","zcta",2019,"housing_score",115.55
"29689","zcta",2019,"housing_score",97.03
"29690","zcta",2019,"housing_score",105.98
"29691","zcta",2019,"housing_score",91.85
"29692","zcta",2019,"housing_score",86.93
"29693","zcta",2019,"housing_score",90.31
"29696","zcta",2019,"housing_score",107.47
"29697","zcta",2019,"housing_score",103.5
"29702","zcta",2019,"housing_score",89.53
"29704","zcta",2019,"housing_score",104.14
"29706","zcta",2019,"housing_score",89.1
"29707","zcta",2019,"housing_score",127.12
"29708","zcta",2019,"housing_score",132.35
"29709","zcta",2019,"housing_score",84.33
"29710","zcta",2019,"housing_score",117.53
"29712","zcta",2019,"housing_score",103.63
"29714","zcta",2019,"housing_score",91.48
"29715","zcta",2019,"housing_score",126.2
"29717","zcta",2019,"housing_score",94.48
"29718","zcta",2019,"housing_score",89.51
"29720","zcta",2019,"housing_score",105.57
"29724","zcta",2019,"housing_score",NA
"29726","zcta",2019,"housing_score",89.26
"29727","zcta",2019,"housing_score",81.29
"29728","zcta",2019,"housing_score",86.96
"29729","zcta",2019,"housing_score",88.18
"29730","zcta",2019,"housing_score",117.06
"29732","zcta",2019,"housing_score",124.17
"29733","zcta",2019,"housing_score",NA
"29741","zcta",2019,"housing_score",83.46
"29742","zcta",2019,"housing_score",93.69
"29743","zcta",2019,"housing_score",89.31
"29745","zcta",2019,"housing_score",112.85
"29801","zcta",2019,"housing_score",100.16
"29803","zcta",2019,"housing_score",111.63
"29805","zcta",2019,"housing_score",103.61
"29809","zcta",2019,"housing_score",79.98
"29810","zcta",2019,"housing_score",70.44
"29812","zcta",2019,"housing_score",84.58
"29816","zcta",2019,"housing_score",80.75
"29817","zcta",2019,"housing_score",70.25
"29819","zcta",2019,"housing_score",81.3
"29821","zcta",2019,"housing_score",95.26
"29824","zcta",2019,"housing_score",93.88
"29826","zcta",2019,"housing_score",42.62
"29827","zcta",2019,"housing_score",73.36
"29828","zcta",2019,"housing_score",80.57
"29829","zcta",2019,"housing_score",108.23
"29831","zcta",2019,"housing_score",94.5
"29832","zcta",2019,"housing_score",96.52
"29834","zcta",2019,"housing_score",77.06
"29835","zcta",2019,"housing_score",89.23
"29836","zcta",2019,"housing_score",59.18
"29838","zcta",2019,"housing_score",76.63
"29840","zcta",2019,"housing_score",89.22
"29841","zcta",2019,"housing_score",111.44
"29842","zcta",2019,"housing_score",93.65
"29843","zcta",2019,"housing_score",69.99
"29844","zcta",2019,"housing_score",105.87
"29845","zcta",2019,"housing_score",72.36
"29847","zcta",2019,"housing_score",85.14
"29848","zcta",2019,"housing_score",71.85
"29849","zcta",2019,"housing_score",68
"29850","zcta",2019,"housing_score",72.72
"29851","zcta",2019,"housing_score",100.2
"29853","zcta",2019,"housing_score",88.86
"29856","zcta",2019,"housing_score",81.31
"29860","zcta",2019,"housing_score",108.64
"29899","zcta",2019,"housing_score",NA
"29902","zcta",2019,"housing_score",109.96
"29904","zcta",2019,"housing_score",NA
"29905","zcta",2019,"housing_score",NA
"29906","zcta",2019,"housing_score",108.67
"29907","zcta",2019,"housing_score",114.45
"29909","zcta",2019,"housing_score",108.66
"29910","zcta",2019,"housing_score",123.88
"29911","zcta",2019,"housing_score",75.84
"29912","zcta",2019,"housing_score",NA
"29915","zcta",2019,"housing_score",109.05
"29916","zcta",2019,"housing_score",87.79
"29918","zcta",2019,"housing_score",71.87
"29920","zcta",2019,"housing_score",99.59
"29921","zcta",2019,"housing_score",59.58
"29922","zcta",2019,"housing_score",73.36
"29923","zcta",2019,"housing_score",87.11
"29924","zcta",2019,"housing_score",92.37
"29926","zcta",2019,"housing_score",116.18
"29927","zcta",2019,"housing_score",110.49
"29928","zcta",2019,"housing_score",98.28
"29929","zcta",2019,"housing_score",75.58
"29932","zcta",2019,"housing_score",92.23
"29934","zcta",2019,"housing_score",82.13
"29935","zcta",2019,"housing_score",98.11
"29936","zcta",2019,"housing_score",100.68
"29939","zcta",2019,"housing_score",90.65
"29940","zcta",2019,"housing_score",94.2
"29941","zcta",2019,"housing_score",71.93
"29943","zcta",2019,"housing_score",92.21
"29944","zcta",2019,"housing_score",85.38
"29945","zcta",2019,"housing_score",82
"29001","zcta",2019,"housing_rnk",30.6114
"29003","zcta",2019,"housing_rnk",15.4182
"29006","zcta",2019,"housing_rnk",39.4619
"29009","zcta",2019,"housing_rnk",11.518
"29010","zcta",2019,"housing_rnk",29.0885
"29014","zcta",2019,"housing_rnk",30.3669
"29015","zcta",2019,"housing_rnk",26.4014
"29016","zcta",2019,"housing_rnk",82.9676
"29018","zcta",2019,"housing_rnk",6.1014
"29020","zcta",2019,"housing_rnk",49.9527
"29030","zcta",2019,"housing_rnk",37.3422
"29031","zcta",2019,"housing_rnk",2.4556
"29032","zcta",2019,"housing_rnk",29.956
"29033","zcta",2019,"housing_rnk",69.0331
"29036","zcta",2019,"housing_rnk",85.5275
"29037","zcta",2019,"housing_rnk",7.6732
"29038","zcta",2019,"housing_rnk",5.2242
"29039","zcta",2019,"housing_rnk",24.7644
"29040","zcta",2019,"housing_rnk",62.0675
"29042","zcta",2019,"housing_rnk",14.1595
"29044","zcta",2019,"housing_rnk",16.2563
"29045","zcta",2019,"housing_rnk",77.5738
"29046","zcta",2019,"housing_rnk",52.5192
"29047","zcta",2019,"housing_rnk",5.5927
"29048","zcta",2019,"housing_rnk",30.1451
"29051","zcta",2019,"housing_rnk",NA
"29052","zcta",2019,"housing_rnk",2.961
"29053","zcta",2019,"housing_rnk",54.903
"29054","zcta",2019,"housing_rnk",49.4994
"29055","zcta",2019,"housing_rnk",11.9126
"29056","zcta",2019,"housing_rnk",31.2702
"29058","zcta",2019,"housing_rnk",41.487
"29059","zcta",2019,"housing_rnk",18.5619
"29061","zcta",2019,"housing_rnk",63.8383
"29062","zcta",2019,"housing_rnk",12.8974
"29063","zcta",2019,"housing_rnk",90.9082
"29065","zcta",2019,"housing_rnk",26.8123
"29067","zcta",2019,"housing_rnk",43.5578
"29069","zcta",2019,"housing_rnk",30.0929
"29070","zcta",2019,"housing_rnk",41.487
"29072","zcta",2019,"housing_rnk",93.2594
"29073","zcta",2019,"housing_rnk",80.9359
"29074","zcta",2019,"housing_rnk",4.1774
"29075","zcta",2019,"housing_rnk",55.9661
"29078","zcta",2019,"housing_rnk",66.7145
"29079","zcta",2019,"housing_rnk",NA
"29080","zcta",2019,"housing_rnk",10.106
"29081","zcta",2019,"housing_rnk",2.8306
"29082","zcta",2019,"housing_rnk",2.7067
"29101","zcta",2019,"housing_rnk",15.4671
"29102","zcta",2019,"housing_rnk",42.224
"29104","zcta",2019,"housing_rnk",16.765
"29105","zcta",2019,"housing_rnk",13.579
"29107","zcta",2019,"housing_rnk",8.4331
"29108","zcta",2019,"housing_rnk",48.8016
"29111","zcta",2019,"housing_rnk",39.7195
"29112","zcta",2019,"housing_rnk",6.8841
"29113","zcta",2019,"housing_rnk",2.1979
"29114","zcta",2019,"housing_rnk",34.1203
"29115","zcta",2019,"housing_rnk",18.526
"29117","zcta",2019,"housing_rnk",NA
"29118","zcta",2019,"housing_rnk",48.4396
"29122","zcta",2019,"housing_rnk",NA
"29123","zcta",2019,"housing_rnk",33.3442
"29125","zcta",2019,"housing_rnk",24.7644
"29126","zcta",2019,"housing_rnk",36.8727
"29127","zcta",2019,"housing_rnk",47.3308
"29128","zcta",2019,"housing_rnk",27.4189
"29129","zcta",2019,"housing_rnk",27.5265
"29130","zcta",2019,"housing_rnk",41.5457
"29133","zcta",2019,"housing_rnk",2.0708
"29135","zcta",2019,"housing_rnk",25.2992
"29137","zcta",2019,"housing_rnk",14.9323
"29138","zcta",2019,"housing_rnk",26.3753
"29142","zcta",2019,"housing_rnk",22.0023
"29145","zcta",2019,"housing_rnk",39.3706
"29146","zcta",2019,"housing_rnk",9.8353
"29147","zcta",2019,"housing_rnk",NA
"29148","zcta",2019,"housing_rnk",20.5576
"29150","zcta",2019,"housing_rnk",62.5795
"29152","zcta",2019,"housing_rnk",NA
"29153","zcta",2019,"housing_rnk",48.8277
"29154","zcta",2019,"housing_rnk",68.7494
"29160","zcta",2019,"housing_rnk",35.8878
"29161","zcta",2019,"housing_rnk",38.9369
"29162","zcta",2019,"housing_rnk",39.5174
"29163","zcta",2019,"housing_rnk",4.21
"29164","zcta",2019,"housing_rnk",32.3333
"29166","zcta",2019,"housing_rnk",9.8451
"29168","zcta",2019,"housing_rnk",35.6595
"29169","zcta",2019,"housing_rnk",62.6251
"29170","zcta",2019,"housing_rnk",72.9496
"29172","zcta",2019,"housing_rnk",69.069
"29175","zcta",2019,"housing_rnk",15.3758
"29178","zcta",2019,"housing_rnk",10.6669
"29180","zcta",2019,"housing_rnk",27.7906
"29201","zcta",2019,"housing_rnk",74.6062
"29202","zcta",2019,"housing_rnk",58.2227
"29203","zcta",2019,"housing_rnk",59.6217
"29204","zcta",2019,"housing_rnk",64.947
"29205","zcta",2019,"housing_rnk",76.7031
"29206","zcta",2019,"housing_rnk",80.2935
"29207","zcta",2019,"housing_rnk",NA
"29208","zcta",2019,"housing_rnk",NA
"29209","zcta",2019,"housing_rnk",79.7619
"29210","zcta",2019,"housing_rnk",75.7378
"29212","zcta",2019,"housing_rnk",79.3315
"29223","zcta",2019,"housing_rnk",82.8762
"29225","zcta",2019,"housing_rnk",NA
"29229","zcta",2019,"housing_rnk",92.7572
"29301","zcta",2019,"housing_rnk",68.332
"29302","zcta",2019,"housing_rnk",66.0655
"29303","zcta",2019,"housing_rnk",47.3602
"29306","zcta",2019,"housing_rnk",57.9618
"29307","zcta",2019,"housing_rnk",49.669
"29316","zcta",2019,"housing_rnk",78.6141
"29320","zcta",2019,"housing_rnk",58.5977
"29321","zcta",2019,"housing_rnk",19.2956
"29322","zcta",2019,"housing_rnk",46.3819
"29323","zcta",2019,"housing_rnk",51.1104
"29324","zcta",2019,"housing_rnk",14.1595
"29325","zcta",2019,"housing_rnk",47.3602
"29329","zcta",2019,"housing_rnk",48.4168
"29330","zcta",2019,"housing_rnk",42.6773
"29331","zcta",2019,"housing_rnk",NA
"29332","zcta",2019,"housing_rnk",19.2402
"29333","zcta",2019,"housing_rnk",16.7063
"29334","zcta",2019,"housing_rnk",76.9998
"29335","zcta",2019,"housing_rnk",35.2715
"29338","zcta",2019,"housing_rnk",NA
"29340","zcta",2019,"housing_rnk",31.9713
"29341","zcta",2019,"housing_rnk",60.3848
"29346","zcta",2019,"housing_rnk",57.4303
"29349","zcta",2019,"housing_rnk",70.1353
"29351","zcta",2019,"housing_rnk",13.8268
"29353","zcta",2019,"housing_rnk",17.6097
"29355","zcta",2019,"housing_rnk",22.4132
"29356","zcta",2019,"housing_rnk",49.0201
"29360","zcta",2019,"housing_rnk",49.1309
"29364","zcta",2019,"housing_rnk",5.1818
"29365","zcta",2019,"housing_rnk",68.6092
"29368","zcta",2019,"housing_rnk",63.036
"29369","zcta",2019,"housing_rnk",74.7693
"29370","zcta",2019,"housing_rnk",17.0748
"29372","zcta",2019,"housing_rnk",20.6685
"29373","zcta",2019,"housing_rnk",43.235
"29374","zcta",2019,"housing_rnk",38.4217
"29375","zcta",2019,"housing_rnk",NA
"29376","zcta",2019,"housing_rnk",63.1371
"29377","zcta",2019,"housing_rnk",60.3652
"29378","zcta",2019,"housing_rnk",NA
"29379","zcta",2019,"housing_rnk",34.4236
"29384","zcta",2019,"housing_rnk",25.6449
"29385","zcta",2019,"housing_rnk",58.2227
"29388","zcta",2019,"housing_rnk",56.6607
"29401","zcta",2019,"housing_rnk",83.7013
"29403","zcta",2019,"housing_rnk",80.0554
"29404","zcta",2019,"housing_rnk",NA
"29405","zcta",2019,"housing_rnk",70.2429
"29406","zcta",2019,"housing_rnk",68.6613
"29407","zcta",2019,"housing_rnk",78.8489
"29409","zcta",2019,"housing_rnk",NA
"29410","zcta",2019,"housing_rnk",79.4619
"29412","zcta",2019,"housing_rnk",88.6157
"29414","zcta",2019,"housing_rnk",92.4213
"29418","zcta",2019,"housing_rnk",75.1965
"29420","zcta",2019,"housing_rnk",85.5633
"29423","zcta",2019,"housing_rnk",NA
"29424","zcta",2019,"housing_rnk",NA
"29426","zcta",2019,"housing_rnk",22.5599
"29429","zcta",2019,"housing_rnk",61.3729
"29431","zcta",2019,"housing_rnk",33.941
"29432","zcta",2019,"housing_rnk",6.4993
"29434","zcta",2019,"housing_rnk",14.0747
"29435","zcta",2019,"housing_rnk",38.1999
"29436","zcta",2019,"housing_rnk",32.2615
"29437","zcta",2019,"housing_rnk",43.3002
"29438","zcta",2019,"housing_rnk",22.811
"29439","zcta",2019,"housing_rnk",44.9046
"29440","zcta",2019,"housing_rnk",47.6895
"29445","zcta",2019,"housing_rnk",88.2407
"29446","zcta",2019,"housing_rnk",11.3419
"29448","zcta",2019,"housing_rnk",34.766
"29449","zcta",2019,"housing_rnk",33.0051
"29450","zcta",2019,"housing_rnk",42.5827
"29451","zcta",2019,"housing_rnk",74.1725
"29452","zcta",2019,"housing_rnk",5.4199
"29453","zcta",2019,"housing_rnk",48.6059
"29455","zcta",2019,"housing_rnk",70.8658
"29456","zcta",2019,"housing_rnk",83.7437
"29458","zcta",2019,"housing_rnk",35.3693
"29461","zcta",2019,"housing_rnk",77.352
"29464","zcta",2019,"housing_rnk",95.4117
"29466","zcta",2019,"housing_rnk",96.84
"29468","zcta",2019,"housing_rnk",17.6716
"29469","zcta",2019,"housing_rnk",64.8948
"29470","zcta",2019,"housing_rnk",61.1772
"29471","zcta",2019,"housing_rnk",36.4585
"29472","zcta",2019,"housing_rnk",43.8285
"29474","zcta",2019,"housing_rnk",18.0205
"29475","zcta",2019,"housing_rnk",25.1525
"29477","zcta",2019,"housing_rnk",22.5599
"29479","zcta",2019,"housing_rnk",32.3528
"29481","zcta",2019,"housing_rnk",7.6504
"29482","zcta",2019,"housing_rnk",98.1445
"29483","zcta",2019,"housing_rnk",90.8332
"29485","zcta",2019,"housing_rnk",91.081
"29487","zcta",2019,"housing_rnk",39.8663
"29488","zcta",2019,"housing_rnk",47.233
"29492","zcta",2019,"housing_rnk",93.1322
"29493","zcta",2019,"housing_rnk",27.3211
"29501","zcta",2019,"housing_rnk",76.0248
"29505","zcta",2019,"housing_rnk",70.393
"29506","zcta",2019,"housing_rnk",52.0137
"29510","zcta",2019,"housing_rnk",20.4957
"29511","zcta",2019,"housing_rnk",53.1518
"29512","zcta",2019,"housing_rnk",31.7756
"29516","zcta",2019,"housing_rnk",35.1019
"29518","zcta",2019,"housing_rnk",17.1792
"29519","zcta",2019,"housing_rnk",21.7544
"29520","zcta",2019,"housing_rnk",32.1507
"29525","zcta",2019,"housing_rnk",16.6868
"29526","zcta",2019,"housing_rnk",63.9524
"29527","zcta",2019,"housing_rnk",53.1322
"29530","zcta",2019,"housing_rnk",38.9923
"29532","zcta",2019,"housing_rnk",45.547
"29536","zcta",2019,"housing_rnk",21.4349
"29540","zcta",2019,"housing_rnk",33.9736
"29541","zcta",2019,"housing_rnk",57.1922
"29543","zcta",2019,"housing_rnk",12.4409
"29544","zcta",2019,"housing_rnk",20.6196
"29545","zcta",2019,"housing_rnk",11.4463
"29546","zcta",2019,"housing_rnk",15.0758
"29547","zcta",2019,"housing_rnk",16.9314
"29550","zcta",2019,"housing_rnk",56.3737
"29554","zcta",2019,"housing_rnk",26.0721
"29555","zcta",2019,"housing_rnk",24.6307
"29556","zcta",2019,"housing_rnk",32.705
"29560","zcta",2019,"housing_rnk",32.5713
"29563","zcta",2019,"housing_rnk",6.4699
"29564","zcta",2019,"housing_rnk",41.924
"29565","zcta",2019,"housing_rnk",42.2697
"29566","zcta",2019,"housing_rnk",56.1291
"29567","zcta",2019,"housing_rnk",1.8458
"29568","zcta",2019,"housing_rnk",55.8454
"29569","zcta",2019,"housing_rnk",30.1679
"29570","zcta",2019,"housing_rnk",14.916
"29571","zcta",2019,"housing_rnk",36.2531
"29572","zcta",2019,"housing_rnk",21.4936
"29574","zcta",2019,"housing_rnk",16.84
"29575","zcta",2019,"housing_rnk",40.1467
"29576","zcta",2019,"housing_rnk",65.6547
"29577","zcta",2019,"housing_rnk",52.8909
"29579","zcta",2019,"housing_rnk",81.6175
"29580","zcta",2019,"housing_rnk",10.1353
"29581","zcta",2019,"housing_rnk",18.2814
"29582","zcta",2019,"housing_rnk",25.2014
"29583","zcta",2019,"housing_rnk",31.6648
"29584","zcta",2019,"housing_rnk",10.2429
"29585","zcta",2019,"housing_rnk",58.9239
"29588","zcta",2019,"housing_rnk",75.6172
"29590","zcta",2019,"housing_rnk",NA
"29591","zcta",2019,"housing_rnk",23.5741
"29592","zcta",2019,"housing_rnk",38.363
"29593","zcta",2019,"housing_rnk",8.6776
"29594","zcta",2019,"housing_rnk",8.2407
"29596","zcta",2019,"housing_rnk",26.0982
"29601","zcta",2019,"housing_rnk",69.1472
"29605","zcta",2019,"housing_rnk",72.6431
"29607","zcta",2019,"housing_rnk",84.2165
"29609","zcta",2019,"housing_rnk",73.1583
"29611","zcta",2019,"housing_rnk",60.15
"29613","zcta",2019,"housing_rnk",NA
"29614","zcta",2019,"housing_rnk",NA
"29615","zcta",2019,"housing_rnk",78.288
"29617","zcta",2019,"housing_rnk",70.7484
"29620","zcta",2019,"housing_rnk",29.9071
"29621","zcta",2019,"housing_rnk",75.4411
"29624","zcta",2019,"housing_rnk",31.0158
"29625","zcta",2019,"housing_rnk",66.8091
"29626","zcta",2019,"housing_rnk",43.235
"29627","zcta",2019,"housing_rnk",45.0024
"29628","zcta",2019,"housing_rnk",13.9312
"29630","zcta",2019,"housing_rnk",56.3248
"29631","zcta",2019,"housing_rnk",76.4944
"29634","zcta",2019,"housing_rnk",NA
"29635","zcta",2019,"housing_rnk",40.6881
"29638","zcta",2019,"housing_rnk",26.0525
"29639","zcta",2019,"housing_rnk",NA
"29640","zcta",2019,"housing_rnk",58.526
"29642","zcta",2019,"housing_rnk",79.0739
"29643","zcta",2019,"housing_rnk",37.4009
"29644","zcta",2019,"housing_rnk",71.5898
"29645","zcta",2019,"housing_rnk",42.9121
"29646","zcta",2019,"housing_rnk",51.8376
"29649","zcta",2019,"housing_rnk",62.2077
"29650","zcta",2019,"housing_rnk",85.3155
"29651","zcta",2019,"housing_rnk",77.5412
"29653","zcta",2019,"housing_rnk",42.5045
"29654","zcta",2019,"housing_rnk",27.246
"29655","zcta",2019,"housing_rnk",22.811
"29657","zcta",2019,"housing_rnk",43.323
"29658","zcta",2019,"housing_rnk",28.3157
"29659","zcta",2019,"housing_rnk",NA
"29661","zcta",2019,"housing_rnk",33.941
"29662","zcta",2019,"housing_rnk",78.7217
"29664","zcta",2019,"housing_rnk",14.7367
"29665","zcta",2019,"housing_rnk",13.3214
"29666","zcta",2019,"housing_rnk",43.7665
"29667","zcta",2019,"housing_rnk",31.8865
"29669","zcta",2019,"housing_rnk",44.1513
"29670","zcta",2019,"housing_rnk",57.1466
"29671","zcta",2019,"housing_rnk",49.1994
"29672","zcta",2019,"housing_rnk",51.2147
"29673","zcta",2019,"housing_rnk",66.8547
"29676","zcta",2019,"housing_rnk",52.5713
"29678","zcta",2019,"housing_rnk",49.9755
"29680","zcta",2019,"housing_rnk",88.4885
"29681","zcta",2019,"housing_rnk",92.7735
"29682","zcta",2019,"housing_rnk",54.0095
"29683","zcta",2019,"housing_rnk",11.4006
"29684","zcta",2019,"housing_rnk",33.7257
"29685","zcta",2019,"housing_rnk",34.2736
"29686","zcta",2019,"housing_rnk",45.4525
"29687","zcta",2019,"housing_rnk",77.6716
"29689","zcta",2019,"housing_rnk",45.0024
"29690","zcta",2019,"housing_rnk",62.5012
"29691","zcta",2019,"housing_rnk",34.4236
"29692","zcta",2019,"housing_rnk",25.0351
"29693","zcta",2019,"housing_rnk",31.2897
"29696","zcta",2019,"housing_rnk",65.1035
"29697","zcta",2019,"housing_rnk",57.7107
"29702","zcta",2019,"housing_rnk",29.8353
"29704","zcta",2019,"housing_rnk",58.9141
"29706","zcta",2019,"housing_rnk",28.9646
"29707","zcta",2019,"housing_rnk",90.7778
"29708","zcta",2019,"housing_rnk",94.8769
"29709","zcta",2019,"housing_rnk",20.6685
"29710","zcta",2019,"housing_rnk",80.3913
"29712","zcta",2019,"housing_rnk",57.9618
"29714","zcta",2019,"housing_rnk",33.654
"29715","zcta",2019,"housing_rnk",89.9071
"29717","zcta",2019,"housing_rnk",39.7782
"29718","zcta",2019,"housing_rnk",29.7864
"29720","zcta",2019,"housing_rnk",61.624
"29724","zcta",2019,"housing_rnk",NA
"29726","zcta",2019,"housing_rnk",29.2679
"29727","zcta",2019,"housing_rnk",16.2172
"29728","zcta",2019,"housing_rnk",25.084
"29729","zcta",2019,"housing_rnk",27.1841
"29730","zcta",2019,"housing_rnk",79.8076
"29732","zcta",2019,"housing_rnk",87.9961
"29733","zcta",2019,"housing_rnk",NA
"29741","zcta",2019,"housing_rnk",19.2956
"29742","zcta",2019,"housing_rnk",38.1021
"29743","zcta",2019,"housing_rnk",29.3853
"29745","zcta",2019,"housing_rnk",73.6964
"29801","zcta",2019,"housing_rnk",51.3647
"29803","zcta",2019,"housing_rnk",71.8669
"29805","zcta",2019,"housing_rnk",57.9325
"29809","zcta",2019,"housing_rnk",14.4986
"29810","zcta",2019,"housing_rnk",6.3493
"29812","zcta",2019,"housing_rnk",21.024
"29816","zcta",2019,"housing_rnk",15.5063
"29817","zcta",2019,"housing_rnk",6.2579
"29819","zcta",2019,"housing_rnk",16.2335
"29821","zcta",2019,"housing_rnk",41.3957
"29824","zcta",2019,"housing_rnk",38.5293
"29826","zcta",2019,"housing_rnk",0.4696
"29827","zcta",2019,"housing_rnk",8.3809
"29828","zcta",2019,"housing_rnk",15.3074
"29829","zcta",2019,"housing_rnk",66.4732
"29831","zcta",2019,"housing_rnk",39.8337
"29832","zcta",2019,"housing_rnk",43.9883
"29834","zcta",2019,"housing_rnk",11.4854
"29835","zcta",2019,"housing_rnk",29.2222
"29836","zcta",2019,"housing_rnk",2.1621
"29838","zcta",2019,"housing_rnk",11.0876
"29840","zcta",2019,"housing_rnk",29.1798
"29841","zcta",2019,"housing_rnk",71.6191
"29842","zcta",2019,"housing_rnk",38.0303
"29843","zcta",2019,"housing_rnk",6.1079
"29844","zcta",2019,"housing_rnk",62.3023
"29845","zcta",2019,"housing_rnk",7.6765
"29847","zcta",2019,"housing_rnk",21.9012
"29848","zcta",2019,"housing_rnk",7.3602
"29849","zcta",2019,"housing_rnk",5.097
"29850","zcta",2019,"housing_rnk",7.9113
"29851","zcta",2019,"housing_rnk",51.4561
"29853","zcta",2019,"housing_rnk",28.4787
"29856","zcta",2019,"housing_rnk",16.2465
"29860","zcta",2019,"housing_rnk",67.1254
"29899","zcta",2019,"housing_rnk",NA
"29902","zcta",2019,"housing_rnk",69.2679
"29904","zcta",2019,"housing_rnk",NA
"29905","zcta",2019,"housing_rnk",NA
"29906","zcta",2019,"housing_rnk",67.1841
"29907","zcta",2019,"housing_rnk",76.0248
"29909","zcta",2019,"housing_rnk",67.1613
"29910","zcta",2019,"housing_rnk",87.7222
"29911","zcta",2019,"housing_rnk",10.3277
"29912","zcta",2019,"housing_rnk",NA
"29915","zcta",2019,"housing_rnk",67.8396
"29916","zcta",2019,"housing_rnk",26.4862
"29918","zcta",2019,"housing_rnk",7.3797
"29920","zcta",2019,"housing_rnk",50.2625
"29921","zcta",2019,"housing_rnk",2.2697
"29922","zcta",2019,"housing_rnk",8.3809
"29923","zcta",2019,"housing_rnk",25.3449
"29924","zcta",2019,"housing_rnk",35.3856
"29926","zcta",2019,"housing_rnk",78.5325
"29927","zcta",2019,"housing_rnk",70.1908
"29928","zcta",2019,"housing_rnk",47.7124
"29929","zcta",2019,"housing_rnk",10.106
"29932","zcta",2019,"housing_rnk",35.128
"29934","zcta",2019,"housing_rnk",17.2835
"29935","zcta",2019,"housing_rnk",47.3308
"29936","zcta",2019,"housing_rnk",52.4148
"29939","zcta",2019,"housing_rnk",32.0007
"29940","zcta",2019,"housing_rnk",39.2206
"29941","zcta",2019,"housing_rnk",7.4156
"29943","zcta",2019,"housing_rnk",35.1019
"29944","zcta",2019,"housing_rnk",22.3056
"29945","zcta",2019,"housing_rnk",17.1433
"29001","zcta",2019,"housing_state_rnk",37.8173
"29003","zcta",2019,"housing_state_rnk",17.0051
"29006","zcta",2019,"housing_state_rnk",50.5076
"29009","zcta",2019,"housing_state_rnk",12.4365
"29010","zcta",2019,"housing_state_rnk",34.5178
"29014","zcta",2019,"housing_state_rnk",37.5635
"29015","zcta",2019,"housing_state_rnk",31.4721
"29016","zcta",2019,"housing_state_rnk",93.6548
"29018","zcta",2019,"housing_state_rnk",4.3147
"29020","zcta",2019,"housing_state_rnk",63.4518
"29030","zcta",2019,"housing_state_rnk",47.4619
"29031","zcta",2019,"housing_state_rnk",1.5228
"29032","zcta",2019,"housing_state_rnk",36.5482
"29033","zcta",2019,"housing_state_rnk",81.2183
"29036","zcta",2019,"housing_state_rnk",94.9239
"29037","zcta",2019,"housing_state_rnk",7.1066
"29038","zcta",2019,"housing_state_rnk",3.5533
"29039","zcta",2019,"housing_state_rnk",28.2995
"29040","zcta",2019,"housing_state_rnk",74.3655
"29042","zcta",2019,"housing_state_rnk",14.8477
"29044","zcta",2019,"housing_state_rnk",18.5279
"29045","zcta",2019,"housing_state_rnk",89.0863
"29046","zcta",2019,"housing_state_rnk",65.9898
"29047","zcta",2019,"housing_state_rnk",4.0609
"29048","zcta",2019,"housing_state_rnk",37.0558
"29051","zcta",2019,"housing_state_rnk",NA
"29052","zcta",2019,"housing_state_rnk",2.2843
"29053","zcta",2019,"housing_state_rnk",67.5127
"29054","zcta",2019,"housing_state_rnk",62.9442
"29055","zcta",2019,"housing_state_rnk",12.6904
"29056","zcta",2019,"housing_state_rnk",38.3249
"29058","zcta",2019,"housing_state_rnk",52.9188
"29059","zcta",2019,"housing_state_rnk",22.335
"29061","zcta",2019,"housing_state_rnk",76.3959
"29062","zcta",2019,"housing_state_rnk",13.198
"29063","zcta",2019,"housing_state_rnk",97.4619
"29065","zcta",2019,"housing_state_rnk",31.9797
"29067","zcta",2019,"housing_state_rnk",56.3452
"29069","zcta",2019,"housing_state_rnk",36.802
"29070","zcta",2019,"housing_state_rnk",52.9188
"29072","zcta",2019,"housing_state_rnk",98.9848
"29073","zcta",2019,"housing_state_rnk",92.8934
"29074","zcta",2019,"housing_state_rnk",2.5381
"29075","zcta",2019,"housing_state_rnk",68.0203
"29078","zcta",2019,"housing_state_rnk",78.4264
"29079","zcta",2019,"housing_state_rnk",NA
"29080","zcta",2019,"housing_state_rnk",9.7716
"29081","zcta",2019,"housing_state_rnk",2.0305
"29082","zcta",2019,"housing_state_rnk",1.7766
"29101","zcta",2019,"housing_state_rnk",17.2589
"29102","zcta",2019,"housing_state_rnk",53.8071
"29104","zcta",2019,"housing_state_rnk",19.2893
"29105","zcta",2019,"housing_state_rnk",13.7056
"29107","zcta",2019,"housing_state_rnk",8.6294
"29108","zcta",2019,"housing_state_rnk",61.6751
"29111","zcta",2019,"housing_state_rnk",51.0152
"29112","zcta",2019,"housing_state_rnk",5.8376
"29113","zcta",2019,"housing_state_rnk",1.0152
"29114","zcta",2019,"housing_state_rnk",43.401
"29115","zcta",2019,"housing_state_rnk",22.0812
"29117","zcta",2019,"housing_state_rnk",NA
"29118","zcta",2019,"housing_state_rnk",61.1675
"29122","zcta",2019,"housing_state_rnk",NA
"29123","zcta",2019,"housing_state_rnk",41.8782
"29125","zcta",2019,"housing_state_rnk",28.2995
"29126","zcta",2019,"housing_state_rnk",47.2081
"29127","zcta",2019,"housing_state_rnk",59.5178
"29128","zcta",2019,"housing_state_rnk",32.9949
"29129","zcta",2019,"housing_state_rnk",33.2487
"29130","zcta",2019,"housing_state_rnk",53.2995
"29133","zcta",2019,"housing_state_rnk",0.5076
"29135","zcta",2019,"housing_state_rnk",29.6954
"29137","zcta",2019,"housing_state_rnk",15.9898
"29138","zcta",2019,"housing_state_rnk",31.2183
"29142","zcta",2019,"housing_state_rnk",25.8883
"29145","zcta",2019,"housing_state_rnk",50.2538
"29146","zcta",2019,"housing_state_rnk",9.1371
"29147","zcta",2019,"housing_state_rnk",NA
"29148","zcta",2019,"housing_state_rnk",23.6041
"29150","zcta",2019,"housing_state_rnk",75.3807
"29152","zcta",2019,"housing_state_rnk",NA
"29153","zcta",2019,"housing_state_rnk",61.9289
"29154","zcta",2019,"housing_state_rnk",80.9645
"29160","zcta",2019,"housing_state_rnk",46.4467
"29161","zcta",2019,"housing_state_rnk",49.4924
"29162","zcta",2019,"housing_state_rnk",50.7614
"29163","zcta",2019,"housing_state_rnk",2.7919
"29164","zcta",2019,"housing_state_rnk",40.6091
"29166","zcta",2019,"housing_state_rnk",9.3909
"29168","zcta",2019,"housing_state_rnk",46.1929
"29169","zcta",2019,"housing_state_rnk",75.6345
"29170","zcta",2019,"housing_state_rnk",84.7716
"29172","zcta",2019,"housing_state_rnk",81.4721
"29175","zcta",2019,"housing_state_rnk",16.7513
"29178","zcta",2019,"housing_state_rnk",10.9137
"29180","zcta",2019,"housing_state_rnk",33.5025
"29201","zcta",2019,"housing_state_rnk",85.7868
"29202","zcta",2019,"housing_state_rnk",71.1929
"29203","zcta",2019,"housing_state_rnk",72.5888
"29204","zcta",2019,"housing_state_rnk",77.1574
"29205","zcta",2019,"housing_state_rnk",88.0711
"29206","zcta",2019,"housing_state_rnk",92.3858
"29207","zcta",2019,"housing_state_rnk",NA
"29208","zcta",2019,"housing_state_rnk",NA
"29209","zcta",2019,"housing_state_rnk",91.6244
"29210","zcta",2019,"housing_state_rnk",87.0558
"29212","zcta",2019,"housing_state_rnk",91.1168
"29223","zcta",2019,"housing_state_rnk",93.401
"29225","zcta",2019,"housing_state_rnk",NA
"29229","zcta",2019,"housing_state_rnk",98.2234
"29301","zcta",2019,"housing_state_rnk",80.203
"29302","zcta",2019,"housing_state_rnk",77.9188
"29303","zcta",2019,"housing_state_rnk",60.0254
"29306","zcta",2019,"housing_state_rnk",70.6853
"29307","zcta",2019,"housing_state_rnk",63.198
"29316","zcta",2019,"housing_state_rnk",90.1015
"29320","zcta",2019,"housing_state_rnk",71.8274
"29321","zcta",2019,"housing_state_rnk",22.9695
"29322","zcta",2019,"housing_state_rnk",58.8832
"29323","zcta",2019,"housing_state_rnk",64.2132
"29324","zcta",2019,"housing_state_rnk",14.8477
"29325","zcta",2019,"housing_state_rnk",60.0254
"29329","zcta",2019,"housing_state_rnk",60.9137
"29330","zcta",2019,"housing_state_rnk",54.8223
"29331","zcta",2019,"housing_state_rnk",NA
"29332","zcta",2019,"housing_state_rnk",22.5888
"29333","zcta",2019,"housing_state_rnk",19.0355
"29334","zcta",2019,"housing_state_rnk",88.3249
"29335","zcta",2019,"housing_state_rnk",45.4315
"29338","zcta",2019,"housing_state_rnk",NA
"29340","zcta",2019,"housing_state_rnk",39.5939
"29341","zcta",2019,"housing_state_rnk",73.3503
"29346","zcta",2019,"housing_state_rnk",69.797
"29349","zcta",2019,"housing_state_rnk",82.2335
"29351","zcta",2019,"housing_state_rnk",13.9594
"29353","zcta",2019,"housing_state_rnk",21.066
"29355","zcta",2019,"housing_state_rnk",26.3959
"29356","zcta",2019,"housing_state_rnk",62.1827
"29360","zcta",2019,"housing_state_rnk",62.4365
"29364","zcta",2019,"housing_state_rnk",3.2995
"29365","zcta",2019,"housing_state_rnk",80.4569
"29368","zcta",2019,"housing_state_rnk",75.8883
"29369","zcta",2019,"housing_state_rnk",86.0406
"29370","zcta",2019,"housing_state_rnk",20.0508
"29372","zcta",2019,"housing_state_rnk",24.2386
"29373","zcta",2019,"housing_state_rnk",55.4569
"29374","zcta",2019,"housing_state_rnk",48.9848
"29375","zcta",2019,"housing_state_rnk",NA
"29376","zcta",2019,"housing_state_rnk",76.1421
"29377","zcta",2019,"housing_state_rnk",73.0964
"29378","zcta",2019,"housing_state_rnk",NA
"29379","zcta",2019,"housing_state_rnk",44.0355
"29384","zcta",2019,"housing_state_rnk",30.203
"29385","zcta",2019,"housing_state_rnk",71.1929
"29388","zcta",2019,"housing_state_rnk",69.0355
"29401","zcta",2019,"housing_state_rnk",93.9086
"29403","zcta",2019,"housing_state_rnk",92.132
"29404","zcta",2019,"housing_state_rnk",NA
"29405","zcta",2019,"housing_state_rnk",82.7411
"29406","zcta",2019,"housing_state_rnk",80.7107
"29407","zcta",2019,"housing_state_rnk",90.6091
"29409","zcta",2019,"housing_state_rnk",NA
"29410","zcta",2019,"housing_state_rnk",91.3706
"29412","zcta",2019,"housing_state_rnk",96.4467
"29414","zcta",2019,"housing_state_rnk",97.9695
"29418","zcta",2019,"housing_state_rnk",86.2944
"29420","zcta",2019,"housing_state_rnk",95.1777
"29423","zcta",2019,"housing_state_rnk",NA
"29424","zcta",2019,"housing_state_rnk",NA
"29426","zcta",2019,"housing_state_rnk",26.7766
"29429","zcta",2019,"housing_state_rnk",73.8579
"29431","zcta",2019,"housing_state_rnk",42.7665
"29432","zcta",2019,"housing_state_rnk",5.5838
"29434","zcta",2019,"housing_state_rnk",14.467
"29435","zcta",2019,"housing_state_rnk",48.4772
"29436","zcta",2019,"housing_state_rnk",40.3553
"29437","zcta",2019,"housing_state_rnk",55.8376
"29438","zcta",2019,"housing_state_rnk",27.2843
"29439","zcta",2019,"housing_state_rnk",57.6142
"29440","zcta",2019,"housing_state_rnk",60.4061
"29445","zcta",2019,"housing_state_rnk",95.9391
"29446","zcta",2019,"housing_state_rnk",11.4213
"29448","zcta",2019,"housing_state_rnk",44.4162
"29449","zcta",2019,"housing_state_rnk",41.6244
"29450","zcta",2019,"housing_state_rnk",54.5685
"29451","zcta",2019,"housing_state_rnk",85.533
"29452","zcta",2019,"housing_state_rnk",3.8071
"29453","zcta",2019,"housing_state_rnk",61.4213
"29455","zcta",2019,"housing_state_rnk",83.5025
"29456","zcta",2019,"housing_state_rnk",94.1624
"29458","zcta",2019,"housing_state_rnk",45.6853
"29461","zcta",2019,"housing_state_rnk",88.5787
"29464","zcta",2019,"housing_state_rnk",99.4924
"29466","zcta",2019,"housing_state_rnk",99.7462
"29468","zcta",2019,"housing_state_rnk",21.3198
"29469","zcta",2019,"housing_state_rnk",76.9036
"29470","zcta",2019,"housing_state_rnk",73.6041
"29471","zcta",2019,"housing_state_rnk",46.9543
"29472","zcta",2019,"housing_state_rnk",56.8528
"29474","zcta",2019,"housing_state_rnk",21.5736
"29475","zcta",2019,"housing_state_rnk",29.1878
"29477","zcta",2019,"housing_state_rnk",26.7766
"29479","zcta",2019,"housing_state_rnk",40.8629
"29481","zcta",2019,"housing_state_rnk",6.8528
"29482","zcta",2019,"housing_state_rnk",100
"29483","zcta",2019,"housing_state_rnk",97.2081
"29485","zcta",2019,"housing_state_rnk",97.7157
"29487","zcta",2019,"housing_state_rnk",51.7766
"29488","zcta",2019,"housing_state_rnk",59.1371
"29492","zcta",2019,"housing_state_rnk",98.731
"29493","zcta",2019,"housing_state_rnk",32.7411
"29501","zcta",2019,"housing_state_rnk",87.4365
"29505","zcta",2019,"housing_state_rnk",82.9949
"29506","zcta",2019,"housing_state_rnk",65.4822
"29510","zcta",2019,"housing_state_rnk",23.3503
"29511","zcta",2019,"housing_state_rnk",67.0051
"29512","zcta",2019,"housing_state_rnk",39.0863
"29516","zcta",2019,"housing_state_rnk",44.797
"29518","zcta",2019,"housing_state_rnk",20.5584
"29519","zcta",2019,"housing_state_rnk",25.3807
"29520","zcta",2019,"housing_state_rnk",40.1015
"29525","zcta",2019,"housing_state_rnk",18.7817
"29526","zcta",2019,"housing_state_rnk",76.6497
"29527","zcta",2019,"housing_state_rnk",66.7513
"29530","zcta",2019,"housing_state_rnk",49.7462
"29532","zcta",2019,"housing_state_rnk",58.6294
"29536","zcta",2019,"housing_state_rnk",24.8731
"29540","zcta",2019,"housing_state_rnk",43.1472
"29541","zcta",2019,"housing_state_rnk",69.5431
"29543","zcta",2019,"housing_state_rnk",12.9442
"29544","zcta",2019,"housing_state_rnk",23.8579
"29545","zcta",2019,"housing_state_rnk",11.9289
"29546","zcta",2019,"housing_state_rnk",16.2437
"29547","zcta",2019,"housing_state_rnk",19.797
"29550","zcta",2019,"housing_state_rnk",68.7817
"29554","zcta",2019,"housing_state_rnk",30.7107
"29555","zcta",2019,"housing_state_rnk",27.9188
"29556","zcta",2019,"housing_state_rnk",41.3706
"29560","zcta",2019,"housing_state_rnk",41.1168
"29563","zcta",2019,"housing_state_rnk",5.3299
"29564","zcta",2019,"housing_state_rnk",53.5533
"29565","zcta",2019,"housing_state_rnk",54.0609
"29566","zcta",2019,"housing_state_rnk",68.2741
"29567","zcta",2019,"housing_state_rnk",0.2538
"29568","zcta",2019,"housing_state_rnk",67.7665
"29569","zcta",2019,"housing_state_rnk",37.3096
"29570","zcta",2019,"housing_state_rnk",15.736
"29571","zcta",2019,"housing_state_rnk",46.7005
"29572","zcta",2019,"housing_state_rnk",25.1269
"29574","zcta",2019,"housing_state_rnk",19.5431
"29575","zcta",2019,"housing_state_rnk",52.0305
"29576","zcta",2019,"housing_state_rnk",77.665
"29577","zcta",2019,"housing_state_rnk",66.4975
"29579","zcta",2019,"housing_state_rnk",93.1472
"29580","zcta",2019,"housing_state_rnk",10.1523
"29581","zcta",2019,"housing_state_rnk",21.8274
"29582","zcta",2019,"housing_state_rnk",29.4416
"29583","zcta",2019,"housing_state_rnk",38.8325
"29584","zcta",2019,"housing_state_rnk",10.4061
"29585","zcta",2019,"housing_state_rnk",72.335
"29588","zcta",2019,"housing_state_rnk",86.802
"29590","zcta",2019,"housing_state_rnk",NA
"29591","zcta",2019,"housing_state_rnk",27.665
"29592","zcta",2019,"housing_state_rnk",48.731
"29593","zcta",2019,"housing_state_rnk",8.8832
"29594","zcta",2019,"housing_state_rnk",7.868
"29596","zcta",2019,"housing_state_rnk",30.9645
"29601","zcta",2019,"housing_state_rnk",81.7259
"29605","zcta",2019,"housing_state_rnk",84.5178
"29607","zcta",2019,"housing_state_rnk",94.4162
"29609","zcta",2019,"housing_state_rnk",85.0254
"29611","zcta",2019,"housing_state_rnk",72.8426
"29613","zcta",2019,"housing_state_rnk",NA
"29614","zcta",2019,"housing_state_rnk",NA
"29615","zcta",2019,"housing_state_rnk",89.5939
"29617","zcta",2019,"housing_state_rnk",83.2487
"29620","zcta",2019,"housing_state_rnk",36.2944
"29621","zcta",2019,"housing_state_rnk",86.5482
"29624","zcta",2019,"housing_state_rnk",38.0711
"29625","zcta",2019,"housing_state_rnk",78.6802
"29626","zcta",2019,"housing_state_rnk",55.4569
"29627","zcta",2019,"housing_state_rnk",57.9949
"29628","zcta",2019,"housing_state_rnk",14.2132
"29630","zcta",2019,"housing_state_rnk",68.5279
"29631","zcta",2019,"housing_state_rnk",87.8173
"29634","zcta",2019,"housing_state_rnk",NA
"29635","zcta",2019,"housing_state_rnk",52.2843
"29638","zcta",2019,"housing_state_rnk",30.4569
"29639","zcta",2019,"housing_state_rnk",NA
"29640","zcta",2019,"housing_state_rnk",71.5736
"29642","zcta",2019,"housing_state_rnk",90.8629
"29643","zcta",2019,"housing_state_rnk",47.7157
"29644","zcta",2019,"housing_state_rnk",83.7563
"29645","zcta",2019,"housing_state_rnk",55.0761
"29646","zcta",2019,"housing_state_rnk",65.2284
"29649","zcta",2019,"housing_state_rnk",74.6193
"29650","zcta",2019,"housing_state_rnk",94.6701
"29651","zcta",2019,"housing_state_rnk",88.8325
"29653","zcta",2019,"housing_state_rnk",54.3147
"29654","zcta",2019,"housing_state_rnk",32.4873
"29655","zcta",2019,"housing_state_rnk",27.2843
"29657","zcta",2019,"housing_state_rnk",56.0914
"29658","zcta",2019,"housing_state_rnk",33.7563
"29659","zcta",2019,"housing_state_rnk",NA
"29661","zcta",2019,"housing_state_rnk",42.7665
"29662","zcta",2019,"housing_state_rnk",90.3553
"29664","zcta",2019,"housing_state_rnk",15.4822
"29665","zcta",2019,"housing_state_rnk",13.4518
"29666","zcta",2019,"housing_state_rnk",56.599
"29667","zcta",2019,"housing_state_rnk",39.3401
"29669","zcta",2019,"housing_state_rnk",57.3604
"29670","zcta",2019,"housing_state_rnk",69.2893
"29671","zcta",2019,"housing_state_rnk",62.6904
"29672","zcta",2019,"housing_state_rnk",64.467
"29673","zcta",2019,"housing_state_rnk",78.934
"29676","zcta",2019,"housing_state_rnk",66.2437
"29678","zcta",2019,"housing_state_rnk",63.7056
"29680","zcta",2019,"housing_state_rnk",96.1929
"29681","zcta",2019,"housing_state_rnk",98.4772
"29682","zcta",2019,"housing_state_rnk",67.2589
"29683","zcta",2019,"housing_state_rnk",11.6751
"29684","zcta",2019,"housing_state_rnk",42.3858
"29685","zcta",2019,"housing_state_rnk",43.6548
"29686","zcta",2019,"housing_state_rnk",58.3756
"29687","zcta",2019,"housing_state_rnk",89.3401
"29689","zcta",2019,"housing_state_rnk",57.9949
"29690","zcta",2019,"housing_state_rnk",75.1269
"29691","zcta",2019,"housing_state_rnk",44.0355
"29692","zcta",2019,"housing_state_rnk",28.6802
"29693","zcta",2019,"housing_state_rnk",38.5787
"29696","zcta",2019,"housing_state_rnk",77.4112
"29697","zcta",2019,"housing_state_rnk",70.0508
"29702","zcta",2019,"housing_state_rnk",36.0406
"29704","zcta",2019,"housing_state_rnk",72.0812
"29706","zcta",2019,"housing_state_rnk",34.264
"29707","zcta",2019,"housing_state_rnk",96.9543
"29708","zcta",2019,"housing_state_rnk",99.2386
"29709","zcta",2019,"housing_state_rnk",24.2386
"29710","zcta",2019,"housing_state_rnk",92.6396
"29712","zcta",2019,"housing_state_rnk",70.6853
"29714","zcta",2019,"housing_state_rnk",42.132
"29715","zcta",2019,"housing_state_rnk",96.7005
"29717","zcta",2019,"housing_state_rnk",51.269
"29718","zcta",2019,"housing_state_rnk",35.7868
"29720","zcta",2019,"housing_state_rnk",74.1117
"29724","zcta",2019,"housing_state_rnk",NA
"29726","zcta",2019,"housing_state_rnk",35.2792
"29727","zcta",2019,"housing_state_rnk",17.7665
"29728","zcta",2019,"housing_state_rnk",28.934
"29729","zcta",2019,"housing_state_rnk",32.2335
"29730","zcta",2019,"housing_state_rnk",91.8782
"29732","zcta",2019,"housing_state_rnk",95.6853
"29733","zcta",2019,"housing_state_rnk",NA
"29741","zcta",2019,"housing_state_rnk",22.9695
"29742","zcta",2019,"housing_state_rnk",48.2234
"29743","zcta",2019,"housing_state_rnk",35.533
"29745","zcta",2019,"housing_state_rnk",85.2792
"29801","zcta",2019,"housing_state_rnk",64.7208
"29803","zcta",2019,"housing_state_rnk",84.264
"29805","zcta",2019,"housing_state_rnk",70.3046
"29809","zcta",2019,"housing_state_rnk",15.2284
"29810","zcta",2019,"housing_state_rnk",5.0761
"29812","zcta",2019,"housing_state_rnk",24.6193
"29816","zcta",2019,"housing_state_rnk",17.5127
"29817","zcta",2019,"housing_state_rnk",4.8223
"29819","zcta",2019,"housing_state_rnk",18.0203
"29821","zcta",2019,"housing_state_rnk",52.5381
"29824","zcta",2019,"housing_state_rnk",49.2386
"29826","zcta",2019,"housing_state_rnk",0
"29827","zcta",2019,"housing_state_rnk",8.2487
"29828","zcta",2019,"housing_state_rnk",16.4975
"29829","zcta",2019,"housing_state_rnk",78.1726
"29831","zcta",2019,"housing_state_rnk",51.5228
"29832","zcta",2019,"housing_state_rnk",57.1066
"29834","zcta",2019,"housing_state_rnk",12.1827
"29835","zcta",2019,"housing_state_rnk",35.0254
"29836","zcta",2019,"housing_state_rnk",0.7614
"29838","zcta",2019,"housing_state_rnk",11.1675
"29840","zcta",2019,"housing_state_rnk",34.7716
"29841","zcta",2019,"housing_state_rnk",84.0102
"29842","zcta",2019,"housing_state_rnk",47.9695
"29843","zcta",2019,"housing_state_rnk",4.5685
"29844","zcta",2019,"housing_state_rnk",74.8731
"29845","zcta",2019,"housing_state_rnk",7.3604
"29847","zcta",2019,"housing_state_rnk",25.6345
"29848","zcta",2019,"housing_state_rnk",6.0914
"29849","zcta",2019,"housing_state_rnk",3.0457
"29850","zcta",2019,"housing_state_rnk",7.6142
"29851","zcta",2019,"housing_state_rnk",64.9746
"29853","zcta",2019,"housing_state_rnk",34.0102
"29856","zcta",2019,"housing_state_rnk",18.2741
"29860","zcta",2019,"housing_state_rnk",79.1878
"29899","zcta",2019,"housing_state_rnk",NA
"29902","zcta",2019,"housing_state_rnk",81.9797
"29904","zcta",2019,"housing_state_rnk",NA
"29905","zcta",2019,"housing_state_rnk",NA
"29906","zcta",2019,"housing_state_rnk",79.6954
"29907","zcta",2019,"housing_state_rnk",87.4365
"29909","zcta",2019,"housing_state_rnk",79.4416
"29910","zcta",2019,"housing_state_rnk",95.4315
"29911","zcta",2019,"housing_state_rnk",10.6599
"29912","zcta",2019,"housing_state_rnk",NA
"29915","zcta",2019,"housing_state_rnk",79.9492
"29916","zcta",2019,"housing_state_rnk",31.7259
"29918","zcta",2019,"housing_state_rnk",6.3452
"29920","zcta",2019,"housing_state_rnk",63.9594
"29921","zcta",2019,"housing_state_rnk",1.269
"29922","zcta",2019,"housing_state_rnk",8.2487
"29923","zcta",2019,"housing_state_rnk",29.9492
"29924","zcta",2019,"housing_state_rnk",45.9391
"29926","zcta",2019,"housing_state_rnk",89.8477
"29927","zcta",2019,"housing_state_rnk",82.4873
"29928","zcta",2019,"housing_state_rnk",60.6599
"29929","zcta",2019,"housing_state_rnk",9.7716
"29932","zcta",2019,"housing_state_rnk",45.1777
"29934","zcta",2019,"housing_state_rnk",20.8122
"29935","zcta",2019,"housing_state_rnk",59.5178
"29936","zcta",2019,"housing_state_rnk",65.736
"29939","zcta",2019,"housing_state_rnk",39.8477
"29940","zcta",2019,"housing_state_rnk",50
"29941","zcta",2019,"housing_state_rnk",6.599
"29943","zcta",2019,"housing_state_rnk",44.797
"29944","zcta",2019,"housing_state_rnk",26.1421
"29945","zcta",2019,"housing_state_rnk",20.3046
